time, flow
1997-01-01, 10.2561
1997-01-02, 10.2561
1997-01-03, 10.2561
1997-01-04, 10.2561
1997-01-05, 10.2561
1997-01-06, 10.2561
1997-01-07, 10.2561
1997-01-08, 10.2561
1997-01-09, 10.2561
1997-01-10, 10.2561
1997-01-11, 10.2561
1997-01-12, 10.2561
1997-01-13, 10.2561
1997-01-14, 10.2561
1997-01-15, 10.2561
1997-01-16, 10.2561
1997-01-17, 10.2561
1997-01-18, 10.2561
1997-01-19, 10.2561
1997-01-20, 10.2561
1997-01-21, 10.2561
1997-01-22, 10.2561
1997-01-23, 10.2561
1997-01-24, 10.2561
1997-01-25, 10.2561
1997-01-26, 10.2561
1997-01-27, 10.2561
1997-01-28, 10.2561
1997-01-29, 10.2561
1997-01-30, 10.2561
1997-01-31, 10.2561
1997-02-01, 4.8198
1997-02-02, 4.8198
1997-02-03, 4.8198
1997-02-04, 4.8198
1997-02-05, 4.8198
1997-02-06, 4.8198
1997-02-07, 4.8198
1997-02-08, 4.8198
1997-02-09, 4.8198
1997-02-10, 4.8198
1997-02-11, 4.8198
1997-02-12, 4.8198
1997-02-13, 4.8198
1997-02-14, 4.8198
1997-02-15, 4.8198
1997-02-16, 4.8198
1997-02-17, 4.8198
1997-02-18, 4.8198
1997-02-19, 4.8198
1997-02-20, 4.8198
1997-02-21, 4.8198
1997-02-22, 4.8198
1997-02-23, 4.8198
1997-02-24, 4.8198
1997-02-25, 4.8198
1997-02-26, 4.8198
1997-02-27, 4.8198
1997-02-28, 4.8198
1997-03-01, 9.1771
1997-03-02, 9.1771
1997-03-03, 9.1771
1997-03-04, 9.1771
1997-03-05, 9.1771
1997-03-06, 9.1771
1997-03-07, 9.1771
1997-03-08, 9.1771
1997-03-09, 9.1771
1997-03-10, 9.1771
1997-03-11, 9.1771
1997-03-12, 9.1771
1997-03-13, 9.1771
1997-03-14, 9.1771
1997-03-15, 9.1771
1997-03-16, 9.1771
1997-03-17, 9.1771
1997-03-18, 9.1771
1997-03-19, 9.1771
1997-03-20, 9.1771
1997-03-21, 9.1771
1997-03-22, 9.1771
1997-03-23, 9.1771
1997-03-24, 9.1771
1997-03-25, 9.1771
1997-03-26, 9.1771
1997-03-27, 9.1771
1997-03-28, 9.1771
1997-03-29, 9.1771
1997-03-30, 9.1771
1997-03-31, 9.1771
1997-04-01, 14.2901
1997-04-02, 14.2901
1997-04-03, 14.2901
1997-04-04, 14.2901
1997-04-05, 14.2901
1997-04-06, 14.2901
1997-04-07, 14.2901
1997-04-08, 14.2901
1997-04-09, 14.2901
1997-04-10, 14.2901
1997-04-11, 14.2901
1997-04-12, 14.2901
1997-04-13, 14.2901
1997-04-14, 14.2901
1997-04-15, 14.2901
1997-04-16, 14.2901
1997-04-17, 14.2901
1997-04-18, 14.2901
1997-04-19, 14.2901
1997-04-20, 14.2901
1997-04-21, 14.2901
1997-04-22, 14.2901
1997-04-23, 14.2901
1997-04-24, 14.2901
1997-04-25, 14.2901
1997-04-26, 14.2901
1997-04-27, 14.2901
1997-04-28, 14.2901
1997-04-29, 14.2901
1997-04-30, 14.2901
1997-05-01, 15.4122
1997-05-02, 15.4122
1997-05-03, 15.4122
1997-05-04, 15.4122
1997-05-05, 15.4122
1997-05-06, 15.4122
1997-05-07, 15.4122
1997-05-08, 15.4122
1997-05-09, 15.4122
1997-05-10, 15.4122
1997-05-11, 15.4122
1997-05-12, 15.4122
1997-05-13, 15.4122
1997-05-14, 15.4122
1997-05-15, 15.4122
1997-05-16, 15.4122
1997-05-17, 15.4122
1997-05-18, 15.4122
1997-05-19, 15.4122
1997-05-20, 15.4122
1997-05-21, 15.4122
1997-05-22, 15.4122
1997-05-23, 15.4122
1997-05-24, 15.4122
1997-05-25, 15.4122
1997-05-26, 15.4122
1997-05-27, 15.4122
1997-05-28, 15.4122
1997-05-29, 15.4122
1997-05-30, 15.4122
1997-05-31, 15.4122
1997-06-01, 22.5231
1997-06-02, 22.5231
1997-06-03, 22.5231
1997-06-04, 22.5231
1997-06-05, 22.5231
1997-06-06, 22.5231
1997-06-07, 22.5231
1997-06-08, 22.5231
1997-06-09, 22.5231
1997-06-10, 22.5231
1997-06-11, 22.5231
1997-06-12, 22.5231
1997-06-13, 22.5231
1997-06-14, 22.5231
1997-06-15, 22.5231
1997-06-16, 22.5231
1997-06-17, 22.5231
1997-06-18, 22.5231
1997-06-19, 22.5231
1997-06-20, 22.5231
1997-06-21, 22.5231
1997-06-22, 22.5231
1997-06-23, 22.5231
1997-06-24, 22.5231
1997-06-25, 22.5231
1997-06-26, 22.5231
1997-06-27, 22.5231
1997-06-28, 22.5231
1997-06-29, 22.5231
1997-06-30, 22.5231
1997-07-01, 22.5433
1997-07-02, 22.5433
1997-07-03, 22.5433
1997-07-04, 22.5433
1997-07-05, 22.5433
1997-07-06, 22.5433
1997-07-07, 22.5433
1997-07-08, 22.5433
1997-07-09, 22.5433
1997-07-10, 22.5433
1997-07-11, 22.5433
1997-07-12, 22.5433
1997-07-13, 22.5433
1997-07-14, 22.5433
1997-07-15, 22.5433
1997-07-16, 22.5433
1997-07-17, 22.5433
1997-07-18, 22.5433
1997-07-19, 22.5433
1997-07-20, 22.5433
1997-07-21, 22.5433
1997-07-22, 22.5433
1997-07-23, 22.5433
1997-07-24, 22.5433
1997-07-25, 22.5433
1997-07-26, 22.5433
1997-07-27, 22.5433
1997-07-28, 22.5433
1997-07-29, 22.5433
1997-07-30, 22.5433
1997-07-31, 22.5433
1997-08-01, 22.6441
1997-08-02, 22.6441
1997-08-03, 22.6441
1997-08-04, 22.6441
1997-08-05, 22.6441
1997-08-06, 22.6441
1997-08-07, 22.6441
1997-08-08, 22.6441
1997-08-09, 22.6441
1997-08-10, 22.6441
1997-08-11, 22.6441
1997-08-12, 22.6441
1997-08-13, 22.6441
1997-08-14, 22.6441
1997-08-15, 22.6441
1997-08-16, 22.6441
1997-08-17, 22.6441
1997-08-18, 22.6441
1997-08-19, 22.6441
1997-08-20, 22.6441
1997-08-21, 22.6441
1997-08-22, 22.6441
1997-08-23, 22.6441
1997-08-24, 22.6441
1997-08-25, 22.6441
1997-08-26, 22.6441
1997-08-27, 22.6441
1997-08-28, 22.6441
1997-08-29, 22.6441
1997-08-30, 22.6441
1997-08-31, 22.6441
1997-09-01, 20.0193
1997-09-02, 20.0193
1997-09-03, 20.0193
1997-09-04, 20.0193
1997-09-05, 20.0193
1997-09-06, 20.0193
1997-09-07, 20.0193
1997-09-08, 20.0193
1997-09-09, 20.0193
1997-09-10, 20.0193
1997-09-11, 20.0193
1997-09-12, 20.0193
1997-09-13, 20.0193
1997-09-14, 20.0193
1997-09-15, 20.0193
1997-09-16, 20.0193
1997-09-17, 20.0193
1997-09-18, 20.0193
1997-09-19, 20.0193
1997-09-20, 20.0193
1997-09-21, 20.0193
1997-09-22, 20.0193
1997-09-23, 20.0193
1997-09-24, 20.0193
1997-09-25, 20.0193
1997-09-26, 20.0193
1997-09-27, 20.0193
1997-09-28, 20.0193
1997-09-29, 20.0193
1997-09-30, 20.0193
1997-10-01, 18.4737
1997-10-02, 18.4737
1997-10-03, 18.4737
1997-10-04, 18.4737
1997-10-05, 18.4737
1997-10-06, 18.4737
1997-10-07, 18.4737
1997-10-08, 18.4737
1997-10-09, 18.4737
1997-10-10, 18.4737
1997-10-11, 18.4737
1997-10-12, 18.4737
1997-10-13, 18.4737
1997-10-14, 18.4737
1997-10-15, 18.4737
1997-10-16, 18.4737
1997-10-17, 18.4737
1997-10-18, 18.4737
1997-10-19, 18.4737
1997-10-20, 18.4737
1997-10-21, 18.4737
1997-10-22, 18.4737
1997-10-23, 18.4737
1997-10-24, 18.4737
1997-10-25, 18.4737
1997-10-26, 18.4737
1997-10-27, 18.4737
1997-10-28, 18.4737
1997-10-29, 18.4737
1997-10-30, 18.4737
1997-10-31, 18.4737
1997-11-01, 14.3519
1997-11-02, 14.3519
1997-11-03, 14.3519
1997-11-04, 14.3519
1997-11-05, 14.3519
1997-11-06, 14.3519
1997-11-07, 14.3519
1997-11-08, 14.3519
1997-11-09, 14.3519
1997-11-10, 14.3519
1997-11-11, 14.3519
1997-11-12, 14.3519
1997-11-13, 14.3519
1997-11-14, 14.3519
1997-11-15, 14.3519
1997-11-16, 14.3519
1997-11-17, 14.3519
1997-11-18, 14.3519
1997-11-19, 14.3519
1997-11-20, 14.3519
1997-11-21, 14.3519
1997-11-22, 14.3519
1997-11-23, 14.3519
1997-11-24, 14.3519
1997-11-25, 14.3519
1997-11-26, 14.3519
1997-11-27, 14.3519
1997-11-28, 14.3519
1997-11-29, 14.3519
1997-11-30, 14.3519
1997-12-01, 13.4483
1997-12-02, 13.4483
1997-12-03, 13.4483
1997-12-04, 13.4483
1997-12-05, 13.4483
1997-12-06, 13.4483
1997-12-07, 13.4483
1997-12-08, 13.4483
1997-12-09, 13.4483
1997-12-10, 13.4483
1997-12-11, 13.4483
1997-12-12, 13.4483
1997-12-13, 13.4483
1997-12-14, 13.4483
1997-12-15, 13.4483
1997-12-16, 13.4483
1997-12-17, 13.4483
1997-12-18, 13.4483
1997-12-19, 13.4483
1997-12-20, 13.4483
1997-12-21, 13.4483
1997-12-22, 13.4483
1997-12-23, 13.4483
1997-12-24, 13.4483
1997-12-25, 13.4483
1997-12-26, 13.4483
1997-12-27, 13.4483
1997-12-28, 13.4483
1997-12-29, 13.4483
1997-12-30, 13.4483
1997-12-31, 13.4483
1998-01-01, 12.093
1998-01-02, 12.093
1998-01-03, 12.093
1998-01-04, 12.093
1998-01-05, 12.093
1998-01-06, 12.093
1998-01-07, 12.093
1998-01-08, 12.093
1998-01-09, 12.093
1998-01-10, 12.093
1998-01-11, 12.093
1998-01-12, 12.093
1998-01-13, 12.093
1998-01-14, 12.093
1998-01-15, 12.093
1998-01-16, 12.093
1998-01-17, 12.093
1998-01-18, 12.093
1998-01-19, 12.093
1998-01-20, 12.093
1998-01-21, 12.093
1998-01-22, 12.093
1998-01-23, 12.093
1998-01-24, 12.093
1998-01-25, 12.093
1998-01-26, 12.093
1998-01-27, 12.093
1998-01-28, 12.093
1998-01-29, 12.093
1998-01-30, 12.093
1998-01-31, 12.093
1998-02-01, 13.025
1998-02-02, 13.025
1998-02-03, 13.025
1998-02-04, 13.025
1998-02-05, 13.025
1998-02-06, 13.025
1998-02-07, 13.025
1998-02-08, 13.025
1998-02-09, 13.025
1998-02-10, 13.025
1998-02-11, 13.025
1998-02-12, 13.025
1998-02-13, 13.025
1998-02-14, 13.025
1998-02-15, 13.025
1998-02-16, 13.025
1998-02-17, 13.025
1998-02-18, 13.025
1998-02-19, 13.025
1998-02-20, 13.025
1998-02-21, 13.025
1998-02-22, 13.025
1998-02-23, 13.025
1998-02-24, 13.025
1998-02-25, 13.025
1998-02-26, 13.025
1998-02-27, 13.025
1998-02-28, 13.025
1998-03-01, 5.0777
1998-03-02, 5.0777
1998-03-03, 5.0777
1998-03-04, 5.0777
1998-03-05, 5.0777
1998-03-06, 5.0777
1998-03-07, 5.0777
1998-03-08, 5.0777
1998-03-09, 5.0777
1998-03-10, 5.0777
1998-03-11, 5.0777
1998-03-12, 5.0777
1998-03-13, 5.0777
1998-03-14, 5.0777
1998-03-15, 5.0777
1998-03-16, 5.0777
1998-03-17, 5.0777
1998-03-18, 5.0777
1998-03-19, 5.0777
1998-03-20, 5.0777
1998-03-21, 5.0777
1998-03-22, 5.0777
1998-03-23, 5.0777
1998-03-24, 5.0777
1998-03-25, 5.0777
1998-03-26, 5.0777
1998-03-27, 5.0777
1998-03-28, 5.0777
1998-03-29, 5.0777
1998-03-30, 5.0777
1998-03-31, 5.0777
1998-04-01, 11.6782
1998-04-02, 11.6782
1998-04-03, 11.6782
1998-04-04, 11.6782
1998-04-05, 11.6782
1998-04-06, 11.6782
1998-04-07, 11.6782
1998-04-08, 11.6782
1998-04-09, 11.6782
1998-04-10, 11.6782
1998-04-11, 11.6782
1998-04-12, 11.6782
1998-04-13, 11.6782
1998-04-14, 11.6782
1998-04-15, 11.6782
1998-04-16, 11.6782
1998-04-17, 11.6782
1998-04-18, 11.6782
1998-04-19, 11.6782
1998-04-20, 11.6782
1998-04-21, 11.6782
1998-04-22, 11.6782
1998-04-23, 11.6782
1998-04-24, 11.6782
1998-04-25, 11.6782
1998-04-26, 11.6782
1998-04-27, 11.6782
1998-04-28, 11.6782
1998-04-29, 11.6782
1998-04-30, 11.6782
1998-05-01, 17.3387
1998-05-02, 17.3387
1998-05-03, 17.3387
1998-05-04, 17.3387
1998-05-05, 17.3387
1998-05-06, 17.3387
1998-05-07, 17.3387
1998-05-08, 17.3387
1998-05-09, 17.3387
1998-05-10, 17.3387
1998-05-11, 17.3387
1998-05-12, 17.3387
1998-05-13, 17.3387
1998-05-14, 17.3387
1998-05-15, 17.3387
1998-05-16, 17.3387
1998-05-17, 17.3387
1998-05-18, 17.3387
1998-05-19, 17.3387
1998-05-20, 17.3387
1998-05-21, 17.3387
1998-05-22, 17.3387
1998-05-23, 17.3387
1998-05-24, 17.3387
1998-05-25, 17.3387
1998-05-26, 17.3387
1998-05-27, 17.3387
1998-05-28, 17.3387
1998-05-29, 17.3387
1998-05-30, 17.3387
1998-05-31, 17.3387
1998-06-01, 22.6157
1998-06-02, 22.6157
1998-06-03, 22.6157
1998-06-04, 22.6157
1998-06-05, 22.6157
1998-06-06, 22.6157
1998-06-07, 22.6157
1998-06-08, 22.6157
1998-06-09, 22.6157
1998-06-10, 22.6157
1998-06-11, 22.6157
1998-06-12, 22.6157
1998-06-13, 22.6157
1998-06-14, 22.6157
1998-06-15, 22.6157
1998-06-16, 22.6157
1998-06-17, 22.6157
1998-06-18, 22.6157
1998-06-19, 22.6157
1998-06-20, 22.6157
1998-06-21, 22.6157
1998-06-22, 22.6157
1998-06-23, 22.6157
1998-06-24, 22.6157
1998-06-25, 22.6157
1998-06-26, 22.6157
1998-06-27, 22.6157
1998-06-28, 22.6157
1998-06-29, 22.6157
1998-06-30, 22.6157
1998-07-01, 22.8681
1998-07-02, 22.8681
1998-07-03, 22.8681
1998-07-04, 22.8681
1998-07-05, 22.8681
1998-07-06, 22.8681
1998-07-07, 22.8681
1998-07-08, 22.8681
1998-07-09, 22.8681
1998-07-10, 22.8681
1998-07-11, 22.8681
1998-07-12, 22.8681
1998-07-13, 22.8681
1998-07-14, 22.8681
1998-07-15, 22.8681
1998-07-16, 22.8681
1998-07-17, 22.8681
1998-07-18, 22.8681
1998-07-19, 22.8681
1998-07-20, 22.8681
1998-07-21, 22.8681
1998-07-22, 22.8681
1998-07-23, 22.8681
1998-07-24, 22.8681
1998-07-25, 22.8681
1998-07-26, 22.8681
1998-07-27, 22.8681
1998-07-28, 22.8681
1998-07-29, 22.8681
1998-07-30, 22.8681
1998-07-31, 22.8681
1998-08-01, 23.0623
1998-08-02, 23.0623
1998-08-03, 23.0623
1998-08-04, 23.0623
1998-08-05, 23.0623
1998-08-06, 23.0623
1998-08-07, 23.0623
1998-08-08, 23.0623
1998-08-09, 23.0623
1998-08-10, 23.0623
1998-08-11, 23.0623
1998-08-12, 23.0623
1998-08-13, 23.0623
1998-08-14, 23.0623
1998-08-15, 23.0623
1998-08-16, 23.0623
1998-08-17, 23.0623
1998-08-18, 23.0623
1998-08-19, 23.0623
1998-08-20, 23.0623
1998-08-21, 23.0623
1998-08-22, 23.0623
1998-08-23, 23.0623
1998-08-24, 23.0623
1998-08-25, 23.0623
1998-08-26, 23.0623
1998-08-27, 23.0623
1998-08-28, 23.0623
1998-08-29, 23.0623
1998-08-30, 23.0623
1998-08-31, 23.0623
1998-09-01, 21.6127
1998-09-02, 21.6127
1998-09-03, 21.6127
1998-09-04, 21.6127
1998-09-05, 21.6127
1998-09-06, 21.6127
1998-09-07, 21.6127
1998-09-08, 21.6127
1998-09-09, 21.6127
1998-09-10, 21.6127
1998-09-11, 21.6127
1998-09-12, 21.6127
1998-09-13, 21.6127
1998-09-14, 21.6127
1998-09-15, 21.6127
1998-09-16, 21.6127
1998-09-17, 21.6127
1998-09-18, 21.6127
1998-09-19, 21.6127
1998-09-20, 21.6127
1998-09-21, 21.6127
1998-09-22, 21.6127
1998-09-23, 21.6127
1998-09-24, 21.6127
1998-09-25, 21.6127
1998-09-26, 21.6127
1998-09-27, 21.6127
1998-09-28, 21.6127
1998-09-29, 21.6127
1998-09-30, 17.6225
1998-10-01, 17.6225
1998-10-02, 17.6225
1998-10-03, 17.6225
1998-10-04, 17.6225
1998-10-05, 17.6225
1998-10-06, 17.6225
1998-10-07, 17.6225
1998-10-08, 17.6225
1998-10-09, 17.6225
1998-10-10, 17.6225
1998-10-11, 17.6225
1998-10-12, 17.6225
1998-10-13, 17.6225
1998-10-14, 17.6225
1998-10-15, 17.6225
1998-10-16, 17.6225
1998-10-17, 17.6225
1998-10-18, 17.6225
1998-10-19, 17.6225
1998-10-20, 17.6225
1998-10-21, 17.6225
1998-10-22, 17.6225
1998-10-23, 17.6225
1998-10-24, 17.6225
1998-10-25, 17.6225
1998-10-26, 17.6225
1998-10-27, 17.6225
1998-10-28, 17.6225
1998-10-29, 17.6225
1998-10-30, 17.6225
1998-10-31, 17.6225
1998-11-01, 15.5864
1998-11-02, 15.5864
1998-11-03, 15.5864
1998-11-04, 15.5864
1998-11-05, 15.5864
1998-11-06, 15.5864
1998-11-07, 15.5864
1998-11-08, 15.5864
1998-11-09, 15.5864
1998-11-10, 15.5864
1998-11-11, 15.5864
1998-11-12, 15.5864
1998-11-13, 15.5864
1998-11-14, 15.5864
1998-11-15, 15.5864
1998-11-16, 15.5864
1998-11-17, 15.5864
1998-11-18, 15.5864
1998-11-19, 15.5864
1998-11-20, 15.5864
1998-11-21, 15.5864
1998-11-22, 15.5864
1998-11-23, 15.5864
1998-11-24, 15.5864
1998-11-25, 15.5864
1998-11-26, 15.5864
1998-11-27, 15.5864
1998-11-28, 15.5864
1998-11-29, 15.5864
1998-11-30, 15.5864
1998-12-01, 6.5338
1998-12-02, 6.5338
1998-12-03, 6.5338
1998-12-04, 6.5338
1998-12-05, 6.5338
1998-12-06, 6.5338
1998-12-07, 6.5338
1998-12-08, 6.5338
1998-12-09, 6.5338
1998-12-10, 6.5338
1998-12-11, 6.5338
1998-12-12, 6.5338
1998-12-13, 6.5338
1998-12-14, 6.5338
1998-12-15, 6.5338
1998-12-16, 6.5338
1998-12-17, 6.5338
1998-12-18, 6.5338
1998-12-19, 6.5338
1998-12-20, 6.5338
1998-12-21, 6.5338
1998-12-22, 6.5338
1998-12-23, 6.5338
1998-12-24, 6.5338
1998-12-25, 6.5338
1998-12-26, 6.5338
1998-12-27, 6.5338
1998-12-28, 6.5338
1998-12-29, 6.5338
1998-12-30, 6.5338
1998-12-31, 6.5338
1999-01-01, 4.1443
1999-01-02, 4.1443
1999-01-03, 4.1443
1999-01-04, 4.1443
1999-01-05, 4.1443
1999-01-06, 4.1443
1999-01-07, 4.1443
1999-01-08, 4.1443
1999-01-09, 4.1443
1999-01-10, 4.1443
1999-01-11, 4.1443
1999-01-12, 4.1443
1999-01-13, 4.1443
1999-01-14, 4.1443
1999-01-15, 4.1443
1999-01-16, 4.1443
1999-01-17, 4.1443
1999-01-18, 4.1443
1999-01-19, 4.1443
1999-01-20, 4.1443
1999-01-21, 4.1443
1999-01-22, 4.1443
1999-01-23, 4.1443
1999-01-24, 4.1443
1999-01-25, 4.1443
1999-01-26, 4.1443
1999-01-27, 4.1443
1999-01-28, 4.1443
1999-01-29, 4.1443
1999-01-30, 4.1443
1999-01-31, 4.1443
1999-02-01, 1.7774
1999-02-02, 1.7774
1999-02-03, 1.7774
1999-02-04, 1.7774
1999-02-05, 1.7774
1999-02-06, 1.7774
1999-02-07, 1.7774
1999-02-08, 1.7774
1999-02-09, 1.7774
1999-02-10, 1.7774
1999-02-11, 1.7774
1999-02-12, 1.7774
1999-02-13, 1.7774
1999-02-14, 1.7774
1999-02-15, 1.7774
1999-02-16, 1.7774
1999-02-17, 1.7774
1999-02-18, 1.7774
1999-02-19, 1.7774
1999-02-20, 1.7774
1999-02-21, 1.7774
1999-02-22, 1.7774
1999-02-23, 1.7774
1999-02-24, 1.7774
1999-02-25, 1.7774
1999-02-26, 1.7774
1999-02-27, 1.7774
1999-02-28, 1.7774
1999-03-01, 5.1523
1999-03-02, 5.1523
1999-03-03, 5.1523
1999-03-04, 5.1523
1999-03-05, 5.1523
1999-03-06, 5.1523
1999-03-07, 5.1523
1999-03-08, 5.1523
1999-03-09, 5.1523
1999-03-10, 5.1523
1999-03-11, 5.1523
1999-03-12, 5.1523
1999-03-13, 5.1523
1999-03-14, 5.1523
1999-03-15, 5.1523
1999-03-16, 5.1523
1999-03-17, 5.1523
1999-03-18, 5.1523
1999-03-19, 5.1523
1999-03-20, 5.1523
1999-03-21, 5.1523
1999-03-22, 5.1523
1999-03-23, 5.1523
1999-03-24, 5.1523
1999-03-25, 5.1523
1999-03-26, 5.1523
1999-03-27, 5.1523
1999-03-28, 5.1523
1999-03-29, 5.1523
1999-03-30, 5.1523
1999-03-31, 5.1523
1999-04-01, 3.9738
1999-04-02, 3.9738
1999-04-03, 3.9738
1999-04-04, 3.9738
1999-04-05, 3.9738
1999-04-06, 3.9738
1999-04-07, 3.9738
1999-04-08, 3.9738
1999-04-09, 3.9738
1999-04-10, 3.9738
1999-04-11, 3.9738
1999-04-12, 3.9738
1999-04-13, 3.9738
1999-04-14, 3.9738
1999-04-15, 3.9738
1999-04-16, 3.9738
1999-04-17, 3.9738
1999-04-18, 3.9738
1999-04-19, 3.9738
1999-04-20, 3.9738
1999-04-21, 3.9738
1999-04-22, 3.9738
1999-04-23, 3.9738
1999-04-24, 3.9738
1999-04-25, 3.9738
1999-04-26, 3.9738
1999-04-27, 3.9738
1999-04-28, 3.9738
1999-04-29, 3.9738
1999-04-30, 3.9738
1999-05-01, 7.9525
1999-05-02, 7.9525
1999-05-03, 7.9525
1999-05-04, 7.9525
1999-05-05, 7.9525
1999-05-06, 7.9525
1999-05-07, 7.9525
1999-05-08, 7.9525
1999-05-09, 7.9525
1999-05-10, 7.9525
1999-05-11, 7.9525
1999-05-12, 7.9525
1999-05-13, 7.9525
1999-05-14, 7.9525
1999-05-15, 7.9525
1999-05-16, 7.9525
1999-05-17, 7.9525
1999-05-18, 7.9525
1999-05-19, 7.9525
1999-05-20, 7.9525
1999-05-21, 7.9525
1999-05-22, 7.9525
1999-05-23, 7.9525
1999-05-24, 7.9525
1999-05-25, 7.9525
1999-05-26, 7.9525
1999-05-27, 7.9525
1999-05-28, 7.9525
1999-05-29, 7.9525
1999-05-30, 7.9525
1999-05-31, 7.9525
1999-06-01, 9.2207
1999-06-02, 9.2207
1999-06-03, 9.2207
1999-06-04, 9.2207
1999-06-05, 9.2207
1999-06-06, 9.2207
1999-06-07, 9.2207
1999-06-08, 9.2207
1999-06-09, 9.2207
1999-06-10, 9.2207
1999-06-11, 9.2207
1999-06-12, 9.2207
1999-06-13, 9.2207
1999-06-14, 9.2207
1999-06-15, 9.2207
1999-06-16, 9.2207
1999-06-17, 9.2207
1999-06-18, 9.2207
1999-06-19, 9.2207
1999-06-20, 9.2207
1999-06-21, 9.2207
1999-06-22, 9.2207
1999-06-23, 9.2207
1999-06-24, 9.2207
1999-06-25, 9.2207
1999-06-26, 9.2207
1999-06-27, 9.2207
1999-06-28, 9.2207
1999-06-29, 9.2207
1999-06-30, 9.2207
1999-07-01, 10.1553
1999-07-02, 10.1553
1999-07-03, 10.1553
1999-07-04, 10.1553
1999-07-05, 10.1553
1999-07-06, 10.1553
1999-07-07, 10.1553
1999-07-08, 10.1553
1999-07-09, 10.1553
1999-07-10, 10.1553
1999-07-11, 10.1553
1999-07-12, 10.1553
1999-07-13, 10.1553
1999-07-14, 10.1553
1999-07-15, 10.1553
1999-07-16, 10.1553
1999-07-17, 10.1553
1999-07-18, 10.1553
1999-07-19, 10.1553
1999-07-20, 10.1553
1999-07-21, 10.1553
1999-07-22, 10.1553
1999-07-23, 10.1553
1999-07-24, 10.1553
1999-07-25, 10.1553
1999-07-26, 10.1553
1999-07-27, 10.1553
1999-07-28, 10.1553
1999-07-29, 10.1553
1999-07-30, 10.1553
1999-07-31, 10.1553
1999-08-01, 10.9394
1999-08-02, 10.9394
1999-08-03, 10.9394
1999-08-04, 10.9394
1999-08-05, 10.9394
1999-08-06, 10.9394
1999-08-07, 10.9394
1999-08-08, 10.9394
1999-08-09, 10.9394
1999-08-10, 10.9394
1999-08-11, 10.9394
1999-08-12, 10.9394
1999-08-13, 10.9394
1999-08-14, 10.9394
1999-08-15, 10.9394
1999-08-16, 10.9394
1999-08-17, 10.9394
1999-08-18, 10.9394
1999-08-19, 10.9394
1999-08-20, 10.9394
1999-08-21, 10.9394
1999-08-22, 10.9394
1999-08-23, 10.9394
1999-08-24, 10.9394
1999-08-25, 10.9394
1999-08-26, 10.9394
1999-08-27, 10.9394
1999-08-28, 10.9394
1999-08-29, 10.9394
1999-08-30, 10.9394
1999-08-31, 10.9394
1999-09-01, 8.2562
1999-09-02, 8.2562
1999-09-03, 8.2562
1999-09-04, 8.2562
1999-09-05, 8.2562
1999-09-06, 8.2562
1999-09-07, 8.2562
1999-09-08, 8.2562
1999-09-09, 8.2562
1999-09-10, 8.2562
1999-09-11, 8.2562
1999-09-12, 8.2562
1999-09-13, 8.2562
1999-09-14, 8.2562
1999-09-15, 8.2562
1999-09-16, 8.2562
1999-09-17, 8.2562
1999-09-18, 8.2562
1999-09-19, 8.2562
1999-09-20, 8.2562
1999-09-21, 8.2562
1999-09-22, 8.2562
1999-09-23, 8.2562
1999-09-24, 8.2562
1999-09-25, 8.2562
1999-09-26, 8.2562
1999-09-27, 8.2562
1999-09-28, 8.2562
1999-09-29, 8.2562
1999-09-30, 8.2562
1999-10-01, 6.5338
1999-10-02, 6.5338
1999-10-03, 6.5338
1999-10-04, 6.5338
1999-10-05, 6.5338
1999-10-06, 6.5338
1999-10-07, 6.5338
1999-10-08, 6.5338
1999-10-09, 6.5338
1999-10-10, 6.5338
1999-10-11, 6.5338
1999-10-12, 6.5338
1999-10-13, 6.5338
1999-10-14, 6.5338
1999-10-15, 6.5338
1999-10-16, 6.5338
1999-10-17, 6.5338
1999-10-18, 6.5338
1999-10-19, 6.5338
1999-10-20, 6.5338
1999-10-21, 6.5338
1999-10-22, 6.5338
1999-10-23, 6.5338
1999-10-24, 6.5338
1999-10-25, 6.5338
1999-10-26, 6.5338
1999-10-27, 6.5338
1999-10-28, 6.5338
1999-10-29, 6.5338
1999-10-30, 6.5338
1999-10-31, 6.5338
1999-11-01, 5.5556
1999-11-02, 5.5556
1999-11-03, 5.5556
1999-11-04, 5.5556
1999-11-05, 5.5556
1999-11-06, 5.5556
1999-11-07, 5.5556
1999-11-08, 5.5556
1999-11-09, 5.5556
1999-11-10, 5.5556
1999-11-11, 5.5556
1999-11-12, 5.5556
1999-11-13, 5.5556
1999-11-14, 5.5556
1999-11-15, 5.5556
1999-11-16, 5.5556
1999-11-17, 5.5556
1999-11-18, 5.5556
1999-11-19, 5.5556
1999-11-20, 5.5556
1999-11-21, 5.5556
1999-11-22, 5.5556
1999-11-23, 5.5556
1999-11-24, 5.5556
1999-11-25, 5.5556
1999-11-26, 5.5556
1999-11-27, 5.5556
1999-11-28, 5.5556
1999-11-29, 5.5556
1999-11-30, 5.5556
1999-12-01, 4.2936
1999-12-02, 4.2936
1999-12-03, 4.2936
1999-12-04, 4.2936
1999-12-05, 4.2936
1999-12-06, 4.2936
1999-12-07, 4.2936
1999-12-08, 4.2936
1999-12-09, 4.2936
1999-12-10, 4.2936
1999-12-11, 4.2936
1999-12-12, 4.2936
1999-12-13, 4.2936
1999-12-14, 4.2936
1999-12-15, 4.2936
1999-12-16, 4.2936
1999-12-17, 4.2936
1999-12-18, 4.2936
1999-12-19, 4.2936
1999-12-20, 4.2936
1999-12-21, 4.2936
1999-12-22, 4.2936
1999-12-23, 4.2936
1999-12-24, 4.2936
1999-12-25, 4.2936
1999-12-26, 4.2936
1999-12-27, 4.2936
1999-12-28, 4.2936
1999-12-29, 4.2936
1999-12-30, 4.2936
1999-12-31, 4.2936
2000-01-01, 1.6428
2000-01-02, 1.6428
2000-01-03, 1.6428
2000-01-04, 1.6428
2000-01-05, 1.6428
2000-01-06, 1.6428
2000-01-07, 1.6428
2000-01-08, 1.6428
2000-01-09, 1.6428
2000-01-10, 1.6428
2000-01-11, 1.6428
2000-01-12, 1.6428
2000-01-13, 1.6428
2000-01-14, 1.6428
2000-01-15, 1.6428
2000-01-16, 1.6428
2000-01-17, 1.6428
2000-01-18, 1.6428
2000-01-19, 1.6428
2000-01-20, 1.6428
2000-01-21, 1.6428
2000-01-22, 1.6428
2000-01-23, 1.6428
2000-01-24, 1.6428
2000-01-25, 1.6428
2000-01-26, 1.6428
2000-01-27, 1.6428
2000-01-28, 1.6428
2000-01-29, 1.6428
2000-01-30, 1.6428
2000-01-31, 1.6428
2000-02-01, 2.8935
2000-02-02, 2.8935
2000-02-03, 2.8935
2000-02-04, 2.8935
2000-02-05, 2.8935
2000-02-06, 2.8935
2000-02-07, 2.8935
2000-02-08, 2.8935
2000-02-09, 2.8935
2000-02-10, 2.8935
2000-02-11, 2.8935
2000-02-12, 2.8935
2000-02-13, 2.8935
2000-02-14, 2.8935
2000-02-15, 2.8935
2000-02-16, 2.8935
2000-02-17, 2.8935
2000-02-18, 2.8935
2000-02-19, 2.8935
2000-02-20, 2.8935
2000-02-21, 2.8935
2000-02-22, 2.8935
2000-02-23, 2.8935
2000-02-24, 2.8935
2000-02-25, 2.8935
2000-02-26, 2.8935
2000-02-27, 2.8935
2000-02-28, 2.8935
2000-02-29, 8.5872
2000-03-01, 8.5872
2000-03-02, 8.5872
2000-03-03, 8.5872
2000-03-04, 8.5872
2000-03-05, 8.5872
2000-03-06, 8.5872
2000-03-07, 8.5872
2000-03-08, 8.5872
2000-03-09, 8.5872
2000-03-10, 8.5872
2000-03-11, 8.5872
2000-03-12, 8.5872
2000-03-13, 8.5872
2000-03-14, 8.5872
2000-03-15, 8.5872
2000-03-16, 8.5872
2000-03-17, 8.5872
2000-03-18, 8.5872
2000-03-19, 8.5872
2000-03-20, 8.5872
2000-03-21, 8.5872
2000-03-22, 8.5872
2000-03-23, 8.5872
2000-03-24, 8.5872
2000-03-25, 8.5872
2000-03-26, 8.5872
2000-03-27, 8.5872
2000-03-28, 8.5872
2000-03-29, 8.5872
2000-03-30, 8.5872
2000-03-31, 10.2238
2000-04-01, 10.2238
2000-04-02, 10.2238
2000-04-03, 10.2238
2000-04-04, 10.2238
2000-04-05, 10.2238
2000-04-06, 10.2238
2000-04-07, 10.2238
2000-04-08, 10.2238
2000-04-09, 10.2238
2000-04-10, 10.2238
2000-04-11, 10.2238
2000-04-12, 10.2238
2000-04-13, 10.2238
2000-04-14, 10.2238
2000-04-15, 10.2238
2000-04-16, 10.2238
2000-04-17, 10.2238
2000-04-18, 10.2238
2000-04-19, 10.2238
2000-04-20, 10.2238
2000-04-21, 10.2238
2000-04-22, 10.2238
2000-04-23, 10.2238
2000-04-24, 10.2238
2000-04-25, 10.2238
2000-04-26, 10.2238
2000-04-27, 10.2238
2000-04-28, 10.2238
2000-04-29, 10.2238
2000-04-30, 16.9504
2000-05-01, 16.9504
2000-05-02, 16.9504
2000-05-03, 16.9504
2000-05-04, 16.9504
2000-05-05, 16.9504
2000-05-06, 16.9504
2000-05-07, 16.9504
2000-05-08, 16.9504
2000-05-09, 16.9504
2000-05-10, 16.9504
2000-05-11, 16.9504
2000-05-12, 16.9504
2000-05-13, 16.9504
2000-05-14, 16.9504
2000-05-15, 16.9504
2000-05-16, 16.9504
2000-05-17, 16.9504
2000-05-18, 16.9504
2000-05-19, 16.9504
2000-05-20, 16.9504
2000-05-21, 16.9504
2000-05-22, 16.9504
2000-05-23, 16.9504
2000-05-24, 16.9504
2000-05-25, 16.9504
2000-05-26, 16.9504
2000-05-27, 16.9504
2000-05-28, 16.9504
2000-05-29, 16.9504
2000-05-30, 16.9504
2000-05-31, 21.4892
2000-06-01, 21.4892
2000-06-02, 21.4892
2000-06-03, 21.4892
2000-06-04, 21.4892
2000-06-05, 21.4892
2000-06-06, 21.4892
2000-06-07, 21.4892
2000-06-08, 21.4892
2000-06-09, 21.4892
2000-06-10, 21.4892
2000-06-11, 21.4892
2000-06-12, 21.4892
2000-06-13, 21.4892
2000-06-14, 21.4892
2000-06-15, 21.4892
2000-06-16, 21.4892
2000-06-17, 21.4892
2000-06-18, 21.4892
2000-06-19, 21.4892
2000-06-20, 21.4892
2000-06-21, 21.4892
2000-06-22, 21.4892
2000-06-23, 21.4892
2000-06-24, 21.4892
2000-06-25, 21.4892
2000-06-26, 21.4892
2000-06-27, 21.4892
2000-06-28, 21.4892
2000-06-29, 21.4892
2000-06-30, 19.2652
2000-07-01, 19.2652
2000-07-02, 19.2652
2000-07-03, 19.2652
2000-07-04, 19.2652
2000-07-05, 19.2652
2000-07-06, 19.2652
2000-07-07, 19.2652
2000-07-08, 19.2652
2000-07-09, 19.2652
2000-07-10, 19.2652
2000-07-11, 19.2652
2000-07-12, 19.2652
2000-07-13, 19.2652
2000-07-14, 19.2652
2000-07-15, 19.2652
2000-07-16, 19.2652
2000-07-17, 19.2652
2000-07-18, 19.2652
2000-07-19, 19.2652
2000-07-20, 19.2652
2000-07-21, 19.2652
2000-07-22, 19.2652
2000-07-23, 19.2652
2000-07-24, 19.2652
2000-07-25, 19.2652
2000-07-26, 19.2652
2000-07-27, 19.2652
2000-07-28, 19.2652
2000-07-29, 19.2652
2000-07-30, 19.2652
2000-07-31, 17.7345
2000-08-01, 17.7345
2000-08-02, 17.7345
2000-08-03, 17.7345
2000-08-04, 17.7345
2000-08-05, 17.7345
2000-08-06, 17.7345
2000-08-07, 17.7345
2000-08-08, 17.7345
2000-08-09, 17.7345
2000-08-10, 17.7345
2000-08-11, 17.7345
2000-08-12, 17.7345
2000-08-13, 17.7345
2000-08-14, 17.7345
2000-08-15, 17.7345
2000-08-16, 17.7345
2000-08-17, 17.7345
2000-08-18, 17.7345
2000-08-19, 17.7345
2000-08-20, 17.7345
2000-08-21, 17.7345
2000-08-22, 17.7345
2000-08-23, 17.7345
2000-08-24, 17.7345
2000-08-25, 17.7345
2000-08-26, 17.7345
2000-08-27, 17.7345
2000-08-28, 17.7345
2000-08-29, 17.7345
2000-08-30, 17.7345
2000-08-31, 10.9954
2000-09-01, 10.9954
2000-09-02, 10.9954
2000-09-03, 10.9954
2000-09-04, 10.9954
2000-09-05, 10.9954
2000-09-06, 10.9954
2000-09-07, 10.9954
2000-09-08, 10.9954
2000-09-09, 10.9954
2000-09-10, 10.9954
2000-09-11, 10.9954
2000-09-12, 10.9954
2000-09-13, 10.9954
2000-09-14, 10.9954
2000-09-15, 10.9954
2000-09-16, 10.9954
2000-09-17, 10.9954
2000-09-18, 10.9954
2000-09-19, 10.9954
2000-09-20, 10.9954
2000-09-21, 10.9954
2000-09-22, 10.9954
2000-09-23, 10.9954
2000-09-24, 10.9954
2000-09-25, 10.9954
2000-09-26, 10.9954
2000-09-27, 10.9954
2000-09-28, 10.9954
2000-09-29, 10.9954
2000-09-30, 10.9954
2000-10-01, 8.3259
2000-10-02, 8.3259
2000-10-03, 8.3259
2000-10-04, 8.3259
2000-10-05, 8.3259
2000-10-06, 8.3259
2000-10-07, 8.3259
2000-10-08, 8.3259
2000-10-09, 8.3259
2000-10-10, 8.3259
2000-10-11, 8.3259
2000-10-12, 8.3259
2000-10-13, 8.3259
2000-10-14, 8.3259
2000-10-15, 8.3259
2000-10-16, 8.3259
2000-10-17, 8.3259
2000-10-18, 8.3259
2000-10-19, 8.3259
2000-10-20, 8.3259
2000-10-21, 8.3259
2000-10-22, 8.3259
2000-10-23, 8.3259
2000-10-24, 8.3259
2000-10-25, 8.3259
2000-10-26, 8.3259
2000-10-27, 8.3259
2000-10-28, 8.3259
2000-10-29, 8.3259
2000-10-30, 8.3259
2000-10-31, 8.3259
2000-11-01, 5.0154
2000-11-02, 5.0154
2000-11-03, 5.0154
2000-11-04, 5.0154
2000-11-05, 5.0154
2000-11-06, 5.0154
2000-11-07, 5.0154
2000-11-08, 5.0154
2000-11-09, 5.0154
2000-11-10, 5.0154
2000-11-11, 5.0154
2000-11-12, 5.0154
2000-11-13, 5.0154
2000-11-14, 5.0154
2000-11-15, 5.0154
2000-11-16, 5.0154
2000-11-17, 5.0154
2000-11-18, 5.0154
2000-11-19, 5.0154
2000-11-20, 5.0154
2000-11-21, 5.0154
2000-11-22, 5.0154
2000-11-23, 5.0154
2000-11-24, 5.0154
2000-11-25, 5.0154
2000-11-26, 5.0154
2000-11-27, 5.0154
2000-11-28, 5.0154
2000-11-29, 5.0154
2000-11-30, 5.0154
2000-12-01, 2.7255
2000-12-02, 2.7255
2000-12-03, 2.7255
2000-12-04, 2.7255
2000-12-05, 2.7255
2000-12-06, 2.7255
2000-12-07, 2.7255
2000-12-08, 2.7255
2000-12-09, 2.7255
2000-12-10, 2.7255
2000-12-11, 2.7255
2000-12-12, 2.7255
2000-12-13, 2.7255
2000-12-14, 2.7255
2000-12-15, 2.7255
2000-12-16, 2.7255
2000-12-17, 2.7255
2000-12-18, 2.7255
2000-12-19, 2.7255
2000-12-20, 2.7255
2000-12-21, 2.7255
2000-12-22, 2.7255
2000-12-23, 2.7255
2000-12-24, 2.7255
2000-12-25, 2.7255
2000-12-26, 2.7255
2000-12-27, 2.7255
2000-12-28, 2.7255
2000-12-29, 2.7255
2000-12-30, 2.7255
2000-12-31, 2.7255
2001-01-01, 2.3148
2001-01-02, 2.3148
2001-01-03, 2.3148
2001-01-04, 2.3148
2001-01-05, 2.3148
2001-01-06, 2.3148
2001-01-07, 2.3148
2001-01-08, 2.3148
2001-01-09, 2.3148
2001-01-10, 2.3148
2001-01-11, 2.3148
2001-01-12, 2.3148
2001-01-13, 2.3148
2001-01-14, 2.3148
2001-01-15, 2.3148
2001-01-16, 2.3148
2001-01-17, 2.3148
2001-01-18, 2.3148
2001-01-19, 2.3148
2001-01-20, 2.3148
2001-01-21, 2.3148
2001-01-22, 2.3148
2001-01-23, 2.3148
2001-01-24, 2.3148
2001-01-25, 2.3148
2001-01-26, 2.3148
2001-01-27, 2.3148
2001-01-28, 2.3148
2001-01-29, 2.3148
2001-01-30, 2.3148
2001-01-31, 2.3148
2001-02-01, 0.95073
2001-02-02, 0.95073
2001-02-03, 0.95073
2001-02-04, 0.95073
2001-02-05, 0.95073
2001-02-06, 0.95073
2001-02-07, 0.95073
2001-02-08, 0.95073
2001-02-09, 0.95073
2001-02-10, 0.95073
2001-02-11, 0.95073
2001-02-12, 0.95073
2001-02-13, 0.95073
2001-02-14, 0.95073
2001-02-15, 0.95073
2001-02-16, 0.95073
2001-02-17, 0.95073
2001-02-18, 0.95073
2001-02-19, 0.95073
2001-02-20, 0.95073
2001-02-21, 0.95073
2001-02-22, 0.95073
2001-02-23, 0.95073
2001-02-24, 0.95073
2001-02-25, 0.95073
2001-02-26, 0.95073
2001-02-27, 0.95073
2001-02-28, 0.95073
2001-03-01, 4.3683
2001-03-02, 4.3683
2001-03-03, 4.3683
2001-03-04, 4.3683
2001-03-05, 4.3683
2001-03-06, 4.3683
2001-03-07, 4.3683
2001-03-08, 4.3683
2001-03-09, 4.3683
2001-03-10, 4.3683
2001-03-11, 4.3683
2001-03-12, 4.3683
2001-03-13, 4.3683
2001-03-14, 4.3683
2001-03-15, 4.3683
2001-03-16, 4.3683
2001-03-17, 4.3683
2001-03-18, 4.3683
2001-03-19, 4.3683
2001-03-20, 4.3683
2001-03-21, 4.3683
2001-03-22, 4.3683
2001-03-23, 4.3683
2001-03-24, 4.3683
2001-03-25, 4.3683
2001-03-26, 4.3683
2001-03-27, 4.3683
2001-03-28, 4.3683
2001-03-29, 4.3683
2001-03-30, 4.3683
2001-03-31, 4.3683
2001-04-01, 8.7577
2001-04-02, 8.7577
2001-04-03, 8.7577
2001-04-04, 8.7577
2001-04-05, 8.7577
2001-04-06, 8.7577
2001-04-07, 8.7577
2001-04-08, 8.7577
2001-04-09, 8.7577
2001-04-10, 8.7577
2001-04-11, 8.7577
2001-04-12, 8.7577
2001-04-13, 8.7577
2001-04-14, 8.7577
2001-04-15, 8.7577
2001-04-16, 8.7577
2001-04-17, 8.7577
2001-04-18, 8.7577
2001-04-19, 8.7577
2001-04-20, 8.7577
2001-04-21, 8.7577
2001-04-22, 8.7577
2001-04-23, 8.7577
2001-04-24, 8.7577
2001-04-25, 8.7577
2001-04-26, 8.7577
2001-04-27, 8.7577
2001-04-28, 8.7577
2001-04-29, 8.7577
2001-04-30, 8.7577
2001-05-01, 14.2996
2001-05-02, 14.2996
2001-05-03, 14.2996
2001-05-04, 14.2996
2001-05-05, 14.2996
2001-05-06, 14.2996
2001-05-07, 14.2996
2001-05-08, 14.2996
2001-05-09, 14.2996
2001-05-10, 14.2996
2001-05-11, 14.2996
2001-05-12, 14.2996
2001-05-13, 14.2996
2001-05-14, 14.2996
2001-05-15, 14.2996
2001-05-16, 14.2996
2001-05-17, 14.2996
2001-05-18, 14.2996
2001-05-19, 14.2996
2001-05-20, 14.2996
2001-05-21, 14.2996
2001-05-22, 14.2996
2001-05-23, 14.2996
2001-05-24, 14.2996
2001-05-25, 14.2996
2001-05-26, 14.2996
2001-05-27, 14.2996
2001-05-28, 14.2996
2001-05-29, 14.2996
2001-05-30, 14.2996
2001-05-31, 14.2996
2001-06-01, 13.0787
2001-06-02, 13.0787
2001-06-03, 13.0787
2001-06-04, 13.0787
2001-06-05, 13.0787
2001-06-06, 13.0787
2001-06-07, 13.0787
2001-06-08, 13.0787
2001-06-09, 13.0787
2001-06-10, 13.0787
2001-06-11, 13.0787
2001-06-12, 13.0787
2001-06-13, 13.0787
2001-06-14, 13.0787
2001-06-15, 13.0787
2001-06-16, 13.0787
2001-06-17, 13.0787
2001-06-18, 13.0787
2001-06-19, 13.0787
2001-06-20, 13.0787
2001-06-21, 13.0787
2001-06-22, 13.0787
2001-06-23, 13.0787
2001-06-24, 13.0787
2001-06-25, 13.0787
2001-06-26, 13.0787
2001-06-27, 13.0787
2001-06-28, 13.0787
2001-06-29, 13.0787
2001-06-30, 13.0787
2001-07-01, 11.014
2001-07-02, 11.014
2001-07-03, 11.014
2001-07-04, 11.014
2001-07-05, 11.014
2001-07-06, 11.014
2001-07-07, 11.014
2001-07-08, 11.014
2001-07-09, 11.014
2001-07-10, 11.014
2001-07-11, 11.014
2001-07-12, 11.014
2001-07-13, 11.014
2001-07-14, 11.014
2001-07-15, 11.014
2001-07-16, 11.014
2001-07-17, 11.014
2001-07-18, 11.014
2001-07-19, 11.014
2001-07-20, 11.014
2001-07-21, 11.014
2001-07-22, 11.014
2001-07-23, 11.014
2001-07-24, 11.014
2001-07-25, 11.014
2001-07-26, 11.014
2001-07-27, 11.014
2001-07-28, 11.014
2001-07-29, 11.014
2001-07-30, 11.014
2001-07-31, 11.014
2001-08-01, 13.7395
2001-08-02, 13.7395
2001-08-03, 13.7395
2001-08-04, 13.7395
2001-08-05, 13.7395
2001-08-06, 13.7395
2001-08-07, 13.7395
2001-08-08, 13.7395
2001-08-09, 13.7395
2001-08-10, 13.7395
2001-08-11, 13.7395
2001-08-12, 13.7395
2001-08-13, 13.7395
2001-08-14, 13.7395
2001-08-15, 13.7395
2001-08-16, 13.7395
2001-08-17, 13.7395
2001-08-18, 13.7395
2001-08-19, 13.7395
2001-08-20, 13.7395
2001-08-21, 13.7395
2001-08-22, 13.7395
2001-08-23, 13.7395
2001-08-24, 13.7395
2001-08-25, 13.7395
2001-08-26, 13.7395
2001-08-27, 13.7395
2001-08-28, 13.7395
2001-08-29, 13.7395
2001-08-30, 13.7395
2001-08-31, 13.7395
2001-09-01, 12.4228
2001-09-02, 12.4228
2001-09-03, 12.4228
2001-09-04, 12.4228
2001-09-05, 12.4228
2001-09-06, 12.4228
2001-09-07, 12.4228
2001-09-08, 12.4228
2001-09-09, 12.4228
2001-09-10, 12.4228
2001-09-11, 12.4228
2001-09-12, 12.4228
2001-09-13, 12.4228
2001-09-14, 12.4228
2001-09-15, 12.4228
2001-09-16, 12.4228
2001-09-17, 12.4228
2001-09-18, 12.4228
2001-09-19, 12.4228
2001-09-20, 12.4228
2001-09-21, 12.4228
2001-09-22, 12.4228
2001-09-23, 12.4228
2001-09-24, 12.4228
2001-09-25, 12.4228
2001-09-26, 12.4228
2001-09-27, 12.4228
2001-09-28, 12.4228
2001-09-29, 12.4228
2001-09-30, 12.4228
2001-10-01, 7.1256
2001-10-02, 7.1256
2001-10-03, 7.1256
2001-10-04, 7.1256
2001-10-05, 7.1256
2001-10-06, 7.1256
2001-10-07, 7.1256
2001-10-08, 7.1256
2001-10-09, 7.1256
2001-10-10, 7.1256
2001-10-11, 7.1256
2001-10-12, 7.1256
2001-10-13, 7.1256
2001-10-14, 7.1256
2001-10-15, 7.1256
2001-10-16, 7.1256
2001-10-17, 7.1256
2001-10-18, 7.1256
2001-10-19, 7.1256
2001-10-20, 7.1256
2001-10-21, 7.1256
2001-10-22, 7.1256
2001-10-23, 7.1256
2001-10-24, 7.1256
2001-10-25, 7.1256
2001-10-26, 7.1256
2001-10-27, 7.1256
2001-10-28, 7.1256
2001-10-29, 7.1256
2001-10-30, 7.1256
2001-10-31, 7.1256
2001-11-01, 3.1775
2001-11-02, 3.1775
2001-11-03, 3.1775
2001-11-04, 3.1775
2001-11-05, 3.1775
2001-11-06, 3.1775
2001-11-07, 3.1775
2001-11-08, 3.1775
2001-11-09, 3.1775
2001-11-10, 3.1775
2001-11-11, 3.1775
2001-11-12, 3.1775
2001-11-13, 3.1775
2001-11-14, 3.1775
2001-11-15, 3.1775
2001-11-16, 3.1775
2001-11-17, 3.1775
2001-11-18, 3.1775
2001-11-19, 3.1775
2001-11-20, 3.1775
2001-11-21, 3.1775
2001-11-22, 3.1775
2001-11-23, 3.1775
2001-11-24, 3.1775
2001-11-25, 3.1775
2001-11-26, 3.1775
2001-11-27, 3.1775
2001-11-28, 3.1775
2001-11-29, 3.1775
2001-11-30, 3.1775
2001-12-01, 2.277
2001-12-02, 2.277
2001-12-03, 2.277
2001-12-04, 2.277
2001-12-05, 2.277
2001-12-06, 2.277
2001-12-07, 2.277
2001-12-08, 2.277
2001-12-09, 2.277
2001-12-10, 2.277
2001-12-11, 2.277
2001-12-12, 2.277
2001-12-13, 2.277
2001-12-14, 2.277
2001-12-15, 2.277
2001-12-16, 2.277
2001-12-17, 2.277
2001-12-18, 2.277
2001-12-19, 2.277
2001-12-20, 2.277
2001-12-21, 2.277
2001-12-22, 2.277
2001-12-23, 2.277
2001-12-24, 2.277
2001-12-25, 2.277
2001-12-26, 2.277
2001-12-27, 2.277
2001-12-28, 2.277
2001-12-29, 2.277
2001-12-30, 2.277
2001-12-31, 2.277
2002-01-01, 1.9884
2002-01-02, 1.9884
2002-01-03, 1.9884
2002-01-04, 1.9884
2002-01-05, 1.9884
2002-01-06, 1.9884
2002-01-07, 1.9884
2002-01-08, 1.9884
2002-01-09, 1.9884
2002-01-10, 1.9884
2002-01-11, 1.9884
2002-01-12, 1.9884
2002-01-13, 1.9884
2002-01-14, 1.9884
2002-01-15, 1.9884
2002-01-16, 1.9884
2002-01-17, 1.9884
2002-01-18, 1.9884
2002-01-19, 1.9884
2002-01-20, 1.9884
2002-01-21, 1.9884
2002-01-22, 1.9884
2002-01-23, 1.9884
2002-01-24, 1.9884
2002-01-25, 1.9884
2002-01-26, 1.9884
2002-01-27, 1.9884
2002-01-28, 1.9884
2002-01-29, 1.9884
2002-01-30, 1.9884
2002-01-31, 1.9884
2002-02-01, 2.4302
2002-02-02, 2.4302
2002-02-03, 2.4302
2002-02-04, 2.4302
2002-02-05, 2.4302
2002-02-06, 2.4302
2002-02-07, 2.4302
2002-02-08, 2.4302
2002-02-09, 2.4302
2002-02-10, 2.4302
2002-02-11, 2.4302
2002-02-12, 2.4302
2002-02-13, 2.4302
2002-02-14, 2.4302
2002-02-15, 2.4302
2002-02-16, 2.4302
2002-02-17, 2.4302
2002-02-18, 2.4302
2002-02-19, 2.4302
2002-02-20, 2.4302
2002-02-21, 2.4302
2002-02-22, 2.4302
2002-02-23, 2.4302
2002-02-24, 2.4302
2002-02-25, 2.4302
2002-02-26, 2.4302
2002-02-27, 2.4302
2002-02-28, 2.4302
2002-03-01, 3.3431
2002-03-02, 3.3431
2002-03-03, 3.3431
2002-03-04, 3.3431
2002-03-05, 3.3431
2002-03-06, 3.3431
2002-03-07, 3.3431
2002-03-08, 3.3431
2002-03-09, 3.3431
2002-03-10, 3.3431
2002-03-11, 3.3431
2002-03-12, 3.3431
2002-03-13, 3.3431
2002-03-14, 3.3431
2002-03-15, 3.3431
2002-03-16, 3.3431
2002-03-17, 3.3431
2002-03-18, 3.3431
2002-03-19, 3.3431
2002-03-20, 3.3431
2002-03-21, 3.3431
2002-03-22, 3.3431
2002-03-23, 3.3431
2002-03-24, 3.3431
2002-03-25, 3.3431
2002-03-26, 3.3431
2002-03-27, 3.3431
2002-03-28, 3.3431
2002-03-29, 3.3431
2002-03-30, 3.3431
2002-03-31, 3.3431
2002-04-01, 4.5018
2002-04-02, 4.5018
2002-04-03, 4.5018
2002-04-04, 4.5018
2002-04-05, 4.5018
2002-04-06, 4.5018
2002-04-07, 4.5018
2002-04-08, 4.5018
2002-04-09, 4.5018
2002-04-10, 4.5018
2002-04-11, 4.5018
2002-04-12, 4.5018
2002-04-13, 4.5018
2002-04-14, 4.5018
2002-04-15, 4.5018
2002-04-16, 4.5018
2002-04-17, 4.5018
2002-04-18, 4.5018
2002-04-19, 4.5018
2002-04-20, 4.5018
2002-04-21, 4.5018
2002-04-22, 4.5018
2002-04-23, 4.5018
2002-04-24, 4.5018
2002-04-25, 4.5018
2002-04-26, 4.5018
2002-04-27, 4.5018
2002-04-28, 4.5018
2002-04-29, 4.5018
2002-04-30, 4.5018
2002-05-01, 12.2358
2002-05-02, 12.2358
2002-05-03, 12.2358
2002-05-04, 12.2358
2002-05-05, 12.2358
2002-05-06, 12.2358
2002-05-07, 12.2358
2002-05-08, 12.2358
2002-05-09, 12.2358
2002-05-10, 12.2358
2002-05-11, 12.2358
2002-05-12, 12.2358
2002-05-13, 12.2358
2002-05-14, 12.2358
2002-05-15, 12.2358
2002-05-16, 12.2358
2002-05-17, 12.2358
2002-05-18, 12.2358
2002-05-19, 12.2358
2002-05-20, 12.2358
2002-05-21, 12.2358
2002-05-22, 12.2358
2002-05-23, 12.2358
2002-05-24, 12.2358
2002-05-25, 12.2358
2002-05-26, 12.2358
2002-05-27, 12.2358
2002-05-28, 12.2358
2002-05-29, 12.2358
2002-05-30, 12.2358
2002-05-31, 12.2358
2002-06-01, 14.9758
2002-06-02, 14.9758
2002-06-03, 14.9758
2002-06-04, 14.9758
2002-06-05, 14.9758
2002-06-06, 14.9758
2002-06-07, 14.9758
2002-06-08, 14.9758
2002-06-09, 14.9758
2002-06-10, 14.9758
2002-06-11, 14.9758
2002-06-12, 14.9758
2002-06-13, 14.9758
2002-06-14, 14.9758
2002-06-15, 14.9758
2002-06-16, 14.9758
2002-06-17, 14.9758
2002-06-18, 14.9758
2002-06-19, 14.9758
2002-06-20, 14.9758
2002-06-21, 14.9758
2002-06-22, 14.9758
2002-06-23, 14.9758
2002-06-24, 14.9758
2002-06-25, 14.9758
2002-06-26, 14.9758
2002-06-27, 14.9758
2002-06-28, 14.9758
2002-06-29, 14.9758
2002-06-30, 14.9758
2002-07-01, 13.7935
2002-07-02, 13.7935
2002-07-03, 13.7935
2002-07-04, 13.7935
2002-07-05, 13.7935
2002-07-06, 13.7935
2002-07-07, 13.7935
2002-07-08, 13.7935
2002-07-09, 13.7935
2002-07-10, 13.7935
2002-07-11, 13.7935
2002-07-12, 13.7935
2002-07-13, 13.7935
2002-07-14, 13.7935
2002-07-15, 13.7935
2002-07-16, 13.7935
2002-07-17, 13.7935
2002-07-18, 13.7935
2002-07-19, 13.7935
2002-07-20, 13.7935
2002-07-21, 13.7935
2002-07-22, 13.7935
2002-07-23, 13.7935
2002-07-24, 13.7935
2002-07-25, 13.7935
2002-07-26, 13.7935
2002-07-27, 13.7935
2002-07-28, 13.7935
2002-07-29, 13.7935
2002-07-30, 13.7935
2002-07-31, 13.7935
2002-08-01, 13.5657
2002-08-02, 13.5657
2002-08-03, 13.5657
2002-08-04, 13.5657
2002-08-05, 13.5657
2002-08-06, 13.5657
2002-08-07, 13.5657
2002-08-08, 13.5657
2002-08-09, 13.5657
2002-08-10, 13.5657
2002-08-11, 13.5657
2002-08-12, 13.5657
2002-08-13, 13.5657
2002-08-14, 13.5657
2002-08-15, 13.5657
2002-08-16, 13.5657
2002-08-17, 13.5657
2002-08-18, 13.5657
2002-08-19, 13.5657
2002-08-20, 13.5657
2002-08-21, 13.5657
2002-08-22, 13.5657
2002-08-23, 13.5657
2002-08-24, 13.5657
2002-08-25, 13.5657
2002-08-26, 13.5657
2002-08-27, 13.5657
2002-08-28, 13.5657
2002-08-29, 13.5657
2002-08-30, 13.5657
2002-08-31, 13.5657
2002-09-01, 10.2382
2002-09-02, 10.2382
2002-09-03, 10.2382
2002-09-04, 10.2382
2002-09-05, 10.2382
2002-09-06, 10.2382
2002-09-07, 10.2382
2002-09-08, 10.2382
2002-09-09, 10.2382
2002-09-10, 10.2382
2002-09-11, 10.2382
2002-09-12, 10.2382
2002-09-13, 10.2382
2002-09-14, 10.2382
2002-09-15, 10.2382
2002-09-16, 10.2382
2002-09-17, 10.2382
2002-09-18, 10.2382
2002-09-19, 10.2382
2002-09-20, 10.2382
2002-09-21, 10.2382
2002-09-22, 10.2382
2002-09-23, 10.2382
2002-09-24, 10.2382
2002-09-25, 10.2382
2002-09-26, 10.2382
2002-09-27, 10.2382
2002-09-28, 10.2382
2002-09-29, 10.2382
2002-09-30, 10.2382
2002-10-01, 6.5696
2002-10-02, 6.5696
2002-10-03, 6.5696
2002-10-04, 6.5696
2002-10-05, 6.5696
2002-10-06, 6.5696
2002-10-07, 6.5696
2002-10-08, 6.5696
2002-10-09, 6.5696
2002-10-10, 6.5696
2002-10-11, 6.5696
2002-10-12, 6.5696
2002-10-13, 6.5696
2002-10-14, 6.5696
2002-10-15, 6.5696
2002-10-16, 6.5696
2002-10-17, 6.5696
2002-10-18, 6.5696
2002-10-19, 6.5696
2002-10-20, 6.5696
2002-10-21, 6.5696
2002-10-22, 6.5696
2002-10-23, 6.5696
2002-10-24, 6.5696
2002-10-25, 6.5696
2002-10-26, 6.5696
2002-10-27, 6.5696
2002-10-28, 6.5696
2002-10-29, 6.5696
2002-10-30, 6.5696
2002-10-31, 6.5696
2002-11-01, 5.6092
2002-11-02, 5.6092
2002-11-03, 5.6092
2002-11-04, 5.6092
2002-11-05, 5.6092
2002-11-06, 5.6092
2002-11-07, 5.6092
2002-11-08, 5.6092
2002-11-09, 5.6092
2002-11-10, 5.6092
2002-11-11, 5.6092
2002-11-12, 5.6092
2002-11-13, 5.6092
2002-11-14, 5.6092
2002-11-15, 5.6092
2002-11-16, 5.6092
2002-11-17, 5.6092
2002-11-18, 5.6092
2002-11-19, 5.6092
2002-11-20, 5.6092
2002-11-21, 5.6092
2002-11-22, 5.6092
2002-11-23, 5.6092
2002-11-24, 5.6092
2002-11-25, 5.6092
2002-11-26, 5.6092
2002-11-27, 5.6092
2002-11-28, 5.6092
2002-11-29, 5.6092
2002-11-30, 5.6092
2002-12-01, 3.5344
2002-12-02, 3.5344
2002-12-03, 3.5344
2002-12-04, 3.5344
2002-12-05, 3.5344
2002-12-06, 3.5344
2002-12-07, 3.5344
2002-12-08, 3.5344
2002-12-09, 3.5344
2002-12-10, 3.5344
2002-12-11, 3.5344
2002-12-12, 3.5344
2002-12-13, 3.5344
2002-12-14, 3.5344
2002-12-15, 3.5344
2002-12-16, 3.5344
2002-12-17, 3.5344
2002-12-18, 3.5344
2002-12-19, 3.5344
2002-12-20, 3.5344
2002-12-21, 3.5344
2002-12-22, 3.5344
2002-12-23, 3.5344
2002-12-24, 3.5344
2002-12-25, 3.5344
2002-12-26, 3.5344
2002-12-27, 3.5344
2002-12-28, 3.5344
2002-12-29, 3.5344
2002-12-30, 3.5344
2002-12-31, 3.5344
2003-01-01, 2.5673
2003-01-02, 2.5673
2003-01-03, 2.5673
2003-01-04, 2.5673
2003-01-05, 2.5673
2003-01-06, 2.5673
2003-01-07, 2.5673
2003-01-08, 2.5673
2003-01-09, 2.5673
2003-01-10, 2.5673
2003-01-11, 2.5673
2003-01-12, 2.5673
2003-01-13, 2.5673
2003-01-14, 2.5673
2003-01-15, 2.5673
2003-01-16, 2.5673
2003-01-17, 2.5673
2003-01-18, 2.5673
2003-01-19, 2.5673
2003-01-20, 2.5673
2003-01-21, 2.5673
2003-01-22, 2.5673
2003-01-23, 2.5673
2003-01-24, 2.5673
2003-01-25, 2.5673
2003-01-26, 2.5673
2003-01-27, 2.5673
2003-01-28, 2.5673
2003-01-29, 2.5673
2003-01-30, 2.5673
2003-01-31, 2.5673
2003-02-01, 1.3922
2003-02-02, 1.3922
2003-02-03, 1.3922
2003-02-04, 1.3922
2003-02-05, 1.3922
2003-02-06, 1.3922
2003-02-07, 1.3922
2003-02-08, 1.3922
2003-02-09, 1.3922
2003-02-10, 1.3922
2003-02-11, 1.3922
2003-02-12, 1.3922
2003-02-13, 1.3922
2003-02-14, 1.3922
2003-02-15, 1.3922
2003-02-16, 1.3922
2003-02-17, 1.3922
2003-02-18, 1.3922
2003-02-19, 1.3922
2003-02-20, 1.3922
2003-02-21, 1.3922
2003-02-22, 1.3922
2003-02-23, 1.3922
2003-02-24, 1.3922
2003-02-25, 1.3922
2003-02-26, 1.3922
2003-02-27, 1.3922
2003-02-28, 1.3922
2003-03-01, 11.0854
2003-03-02, 11.0854
2003-03-03, 11.0854
2003-03-04, 11.0854
2003-03-05, 11.0854
2003-03-06, 11.0854
2003-03-07, 11.0854
2003-03-08, 11.0854
2003-03-09, 11.0854
2003-03-10, 11.0854
2003-03-11, 11.0854
2003-03-12, 11.0854
2003-03-13, 11.0854
2003-03-14, 11.0854
2003-03-15, 11.0854
2003-03-16, 11.0854
2003-03-17, 11.0854
2003-03-18, 11.0854
2003-03-19, 11.0854
2003-03-20, 11.0854
2003-03-21, 11.0854
2003-03-22, 11.0854
2003-03-23, 11.0854
2003-03-24, 11.0854
2003-03-25, 11.0854
2003-03-26, 11.0854
2003-03-27, 11.0854
2003-03-28, 11.0854
2003-03-29, 11.0854
2003-03-30, 11.0854
2003-03-31, 11.0854
2003-04-01, 15.0124
2003-04-02, 15.0124
2003-04-03, 15.0124
2003-04-04, 15.0124
2003-04-05, 15.0124
2003-04-06, 15.0124
2003-04-07, 15.0124
2003-04-08, 15.0124
2003-04-09, 15.0124
2003-04-10, 15.0124
2003-04-11, 15.0124
2003-04-12, 15.0124
2003-04-13, 15.0124
2003-04-14, 15.0124
2003-04-15, 15.0124
2003-04-16, 15.0124
2003-04-17, 15.0124
2003-04-18, 15.0124
2003-04-19, 15.0124
2003-04-20, 15.0124
2003-04-21, 15.0124
2003-04-22, 15.0124
2003-04-23, 15.0124
2003-04-24, 15.0124
2003-04-25, 15.0124
2003-04-26, 15.0124
2003-04-27, 15.0124
2003-04-28, 15.0124
2003-04-29, 15.0124
2003-04-30, 15.0124
2003-05-01, 19.8076
2003-05-02, 19.8076
2003-05-03, 19.8076
2003-05-04, 19.8076
2003-05-05, 19.8076
2003-05-06, 19.8076
2003-05-07, 19.8076
2003-05-08, 19.8076
2003-05-09, 19.8076
2003-05-10, 19.8076
2003-05-11, 19.8076
2003-05-12, 19.8076
2003-05-13, 19.8076
2003-05-14, 19.8076
2003-05-15, 19.8076
2003-05-16, 19.8076
2003-05-17, 19.8076
2003-05-18, 19.8076
2003-05-19, 19.8076
2003-05-20, 19.8076
2003-05-21, 19.8076
2003-05-22, 19.8076
2003-05-23, 19.8076
2003-05-24, 19.8076
2003-05-25, 19.8076
2003-05-26, 19.8076
2003-05-27, 19.8076
2003-05-28, 19.8076
2003-05-29, 19.8076
2003-05-30, 19.8076
2003-05-31, 19.8076
2003-06-01, 21.6599
2003-06-02, 21.6599
2003-06-03, 21.6599
2003-06-04, 21.6599
2003-06-05, 21.6599
2003-06-06, 21.6599
2003-06-07, 21.6599
2003-06-08, 21.6599
2003-06-09, 21.6599
2003-06-10, 21.6599
2003-06-11, 21.6599
2003-06-12, 21.6599
2003-06-13, 21.6599
2003-06-14, 21.6599
2003-06-15, 21.6599
2003-06-16, 21.6599
2003-06-17, 21.6599
2003-06-18, 21.6599
2003-06-19, 21.6599
2003-06-20, 21.6599
2003-06-21, 21.6599
2003-06-22, 21.6599
2003-06-23, 21.6599
2003-06-24, 21.6599
2003-06-25, 21.6599
2003-06-26, 21.6599
2003-06-27, 21.6599
2003-06-28, 21.6599
2003-06-29, 21.6599
2003-06-30, 21.6599
2003-07-01, 21.8066
2003-07-02, 21.8066
2003-07-03, 21.8066
2003-07-04, 21.8066
2003-07-05, 21.8066
2003-07-06, 21.8066
2003-07-07, 21.8066
2003-07-08, 21.8066
2003-07-09, 21.8066
2003-07-10, 21.8066
2003-07-11, 21.8066
2003-07-12, 21.8066
2003-07-13, 21.8066
2003-07-14, 21.8066
2003-07-15, 21.8066
2003-07-16, 21.8066
2003-07-17, 21.8066
2003-07-18, 21.8066
2003-07-19, 21.8066
2003-07-20, 21.8066
2003-07-21, 21.8066
2003-07-22, 21.8066
2003-07-23, 21.8066
2003-07-24, 21.8066
2003-07-25, 21.8066
2003-07-26, 21.8066
2003-07-27, 21.8066
2003-07-28, 21.8066
2003-07-29, 21.8066
2003-07-30, 21.8066
2003-07-31, 21.8066
2003-08-01, 22.7219
2003-08-02, 22.7219
2003-08-03, 22.7219
2003-08-04, 22.7219
2003-08-05, 22.7219
2003-08-06, 22.7219
2003-08-07, 22.7219
2003-08-08, 22.7219
2003-08-09, 22.7219
2003-08-10, 22.7219
2003-08-11, 22.7219
2003-08-12, 22.7219
2003-08-13, 22.7219
2003-08-14, 22.7219
2003-08-15, 22.7219
2003-08-16, 22.7219
2003-08-17, 22.7219
2003-08-18, 22.7219
2003-08-19, 22.7219
2003-08-20, 22.7219
2003-08-21, 22.7219
2003-08-22, 22.7219
2003-08-23, 22.7219
2003-08-24, 22.7219
2003-08-25, 22.7219
2003-08-26, 22.7219
2003-08-27, 22.7219
2003-08-28, 22.7219
2003-08-29, 22.7219
2003-08-30, 22.7219
2003-08-31, 22.7219
2003-09-01, 21.4917
2003-09-02, 21.4917
2003-09-03, 21.4917
2003-09-04, 21.4917
2003-09-05, 21.4917
2003-09-06, 21.4917
2003-09-07, 21.4917
2003-09-08, 21.4917
2003-09-09, 21.4917
2003-09-10, 21.4917
2003-09-11, 21.4917
2003-09-12, 21.4917
2003-09-13, 21.4917
2003-09-14, 21.4917
2003-09-15, 21.4917
2003-09-16, 21.4917
2003-09-17, 21.4917
2003-09-18, 21.4917
2003-09-19, 21.4917
2003-09-20, 21.4917
2003-09-21, 21.4917
2003-09-22, 21.4917
2003-09-23, 21.4917
2003-09-24, 21.4917
2003-09-25, 21.4917
2003-09-26, 21.4917
2003-09-27, 21.4917
2003-09-28, 21.4917
2003-09-29, 21.4917
2003-09-30, 21.4917
2003-10-01, 21.9162
2003-10-02, 21.9162
2003-10-03, 21.9162
2003-10-04, 21.9162
2003-10-05, 21.9162
2003-10-06, 21.9162
2003-10-07, 21.9162
2003-10-08, 21.9162
2003-10-09, 21.9162
2003-10-10, 21.9162
2003-10-11, 21.9162
2003-10-12, 21.9162
2003-10-13, 21.9162
2003-10-14, 21.9162
2003-10-15, 21.9162
2003-10-16, 21.9162
2003-10-17, 21.9162
2003-10-18, 21.9162
2003-10-19, 21.9162
2003-10-20, 21.9162
2003-10-21, 21.9162
2003-10-22, 21.9162
2003-10-23, 21.9162
2003-10-24, 21.9162
2003-10-25, 21.9162
2003-10-26, 21.9162
2003-10-27, 21.9162
2003-10-28, 21.9162
2003-10-29, 21.9162
2003-10-30, 21.9162
2003-10-31, 21.9162
2003-11-01, 19.4989
2003-11-02, 19.4989
2003-11-03, 19.4989
2003-11-04, 19.4989
2003-11-05, 19.4989
2003-11-06, 19.4989
2003-11-07, 19.4989
2003-11-08, 19.4989
2003-11-09, 19.4989
2003-11-10, 19.4989
2003-11-11, 19.4989
2003-11-12, 19.4989
2003-11-13, 19.4989
2003-11-14, 19.4989
2003-11-15, 19.4989
2003-11-16, 19.4989
2003-11-17, 19.4989
2003-11-18, 19.4989
2003-11-19, 19.4989
2003-11-20, 19.4989
2003-11-21, 19.4989
2003-11-22, 19.4989
2003-11-23, 19.4989
2003-11-24, 19.4989
2003-11-25, 19.4989
2003-11-26, 19.4989
2003-11-27, 19.4989
2003-11-28, 19.4989
2003-11-29, 19.4989
2003-11-30, 19.4989
2003-12-01, 15.809
2003-12-02, 15.809
2003-12-03, 15.809
2003-12-04, 15.809
2003-12-05, 15.809
2003-12-06, 15.809
2003-12-07, 15.809
2003-12-08, 15.809
2003-12-09, 15.809
2003-12-10, 15.809
2003-12-11, 15.809
2003-12-12, 15.809
2003-12-13, 15.809
2003-12-14, 15.809
2003-12-15, 15.809
2003-12-16, 15.809
2003-12-17, 15.809
2003-12-18, 15.809
2003-12-19, 15.809
2003-12-20, 15.809
2003-12-21, 15.809
2003-12-22, 15.809
2003-12-23, 15.809
2003-12-24, 15.809
2003-12-25, 15.809
2003-12-26, 15.809
2003-12-27, 15.809
2003-12-28, 15.809
2003-12-29, 15.809
2003-12-30, 15.809
2003-12-31, 15.809
2004-01-01, 12.9137
2004-01-02, 12.9137
2004-01-03, 12.9137
2004-01-04, 12.9137
2004-01-05, 12.9137
2004-01-06, 12.9137
2004-01-07, 12.9137
2004-01-08, 12.9137
2004-01-09, 12.9137
2004-01-10, 12.9137
2004-01-11, 12.9137
2004-01-12, 12.9137
2004-01-13, 12.9137
2004-01-14, 12.9137
2004-01-15, 12.9137
2004-01-16, 12.9137
2004-01-17, 12.9137
2004-01-18, 12.9137
2004-01-19, 12.9137
2004-01-20, 12.9137
2004-01-21, 12.9137
2004-01-22, 12.9137
2004-01-23, 12.9137
2004-01-24, 12.9137
2004-01-25, 12.9137
2004-01-26, 12.9137
2004-01-27, 12.9137
2004-01-28, 12.9137
2004-01-29, 12.9137
2004-01-30, 12.9137
2004-01-31, 12.9137
2004-02-01, 16.1377
2004-02-02, 16.1377
2004-02-03, 16.1377
2004-02-04, 16.1377
2004-02-05, 16.1377
2004-02-06, 16.1377
2004-02-07, 16.1377
2004-02-08, 16.1377
2004-02-09, 16.1377
2004-02-10, 16.1377
2004-02-11, 16.1377
2004-02-12, 16.1377
2004-02-13, 16.1377
2004-02-14, 16.1377
2004-02-15, 16.1377
2004-02-16, 16.1377
2004-02-17, 16.1377
2004-02-18, 16.1377
2004-02-19, 16.1377
2004-02-20, 16.1377
2004-02-21, 16.1377
2004-02-22, 16.1377
2004-02-23, 16.1377
2004-02-24, 16.1377
2004-02-25, 16.1377
2004-02-26, 16.1377
2004-02-27, 16.1377
2004-02-28, 16.1377
2004-02-29, 16.1377
2004-03-01, 19.3528
2004-03-02, 19.3528
2004-03-03, 19.3528
2004-03-04, 19.3528
2004-03-05, 19.3528
2004-03-06, 19.3528
2004-03-07, 19.3528
2004-03-08, 19.3528
2004-03-09, 19.3528
2004-03-10, 19.3528
2004-03-11, 19.3528
2004-03-12, 19.3528
2004-03-13, 19.3528
2004-03-14, 19.3528
2004-03-15, 19.3528
2004-03-16, 19.3528
2004-03-17, 19.3528
2004-03-18, 19.3528
2004-03-19, 19.3528
2004-03-20, 19.3528
2004-03-21, 19.3528
2004-03-22, 19.3528
2004-03-23, 19.3528
2004-03-24, 19.3528
2004-03-25, 19.3528
2004-03-26, 19.3528
2004-03-27, 19.3528
2004-03-28, 19.3528
2004-03-29, 19.3528
2004-03-30, 19.3528
2004-03-31, 19.3528
2004-04-01, 20.8705
2004-04-02, 20.8705
2004-04-03, 20.8705
2004-04-04, 20.8705
2004-04-05, 20.8705
2004-04-06, 20.8705
2004-04-07, 20.8705
2004-04-08, 20.8705
2004-04-09, 20.8705
2004-04-10, 20.8705
2004-04-11, 20.8705
2004-04-12, 20.8705
2004-04-13, 20.8705
2004-04-14, 20.8705
2004-04-15, 20.8705
2004-04-16, 20.8705
2004-04-17, 20.8705
2004-04-18, 20.8705
2004-04-19, 20.8705
2004-04-20, 20.8705
2004-04-21, 20.8705
2004-04-22, 20.8705
2004-04-23, 20.8705
2004-04-24, 20.8705
2004-04-25, 20.8705
2004-04-26, 20.8705
2004-04-27, 20.8705
2004-04-28, 20.8705
2004-04-29, 20.8705
2004-04-30, 20.8705
2004-05-01, 20.3668
2004-05-02, 20.3668
2004-05-03, 20.3668
2004-05-04, 20.3668
2004-05-05, 20.3668
2004-05-06, 20.3668
2004-05-07, 20.3668
2004-05-08, 20.3668
2004-05-09, 20.3668
2004-05-10, 20.3668
2004-05-11, 20.3668
2004-05-12, 20.3668
2004-05-13, 20.3668
2004-05-14, 20.3668
2004-05-15, 20.3668
2004-05-16, 20.3668
2004-05-17, 20.3668
2004-05-18, 20.3668
2004-05-19, 20.3668
2004-05-20, 20.3668
2004-05-21, 20.3668
2004-05-22, 20.3668
2004-05-23, 20.3668
2004-05-24, 20.3668
2004-05-25, 20.3668
2004-05-26, 20.3668
2004-05-27, 20.3668
2004-05-28, 20.3668
2004-05-29, 20.3668
2004-05-30, 20.3668
2004-05-31, 20.3668
2004-06-01, 22.4863
2004-06-02, 22.4863
2004-06-03, 22.4863
2004-06-04, 22.4863
2004-06-05, 22.4863
2004-06-06, 22.4863
2004-06-07, 22.4863
2004-06-08, 22.4863
2004-06-09, 22.4863
2004-06-10, 22.4863
2004-06-11, 22.4863
2004-06-12, 22.4863
2004-06-13, 22.4863
2004-06-14, 22.4863
2004-06-15, 22.4863
2004-06-16, 22.4863
2004-06-17, 22.4863
2004-06-18, 22.4863
2004-06-19, 22.4863
2004-06-20, 22.4863
2004-06-21, 22.4863
2004-06-22, 22.4863
2004-06-23, 22.4863
2004-06-24, 22.4863
2004-06-25, 22.4863
2004-06-26, 22.4863
2004-06-27, 22.4863
2004-06-28, 22.4863
2004-06-29, 22.4863
2004-06-30, 22.4863
2004-07-01, 23.0027
2004-07-02, 23.0027
2004-07-03, 23.0027
2004-07-04, 23.0027
2004-07-05, 23.0027
2004-07-06, 23.0027
2004-07-07, 23.0027
2004-07-08, 23.0027
2004-07-09, 23.0027
2004-07-10, 23.0027
2004-07-11, 23.0027
2004-07-12, 23.0027
2004-07-13, 23.0027
2004-07-14, 23.0027
2004-07-15, 23.0027
2004-07-16, 23.0027
2004-07-17, 23.0027
2004-07-18, 23.0027
2004-07-19, 23.0027
2004-07-20, 23.0027
2004-07-21, 23.0027
2004-07-22, 23.0027
2004-07-23, 23.0027
2004-07-24, 23.0027
2004-07-25, 23.0027
2004-07-26, 23.0027
2004-07-27, 23.0027
2004-07-28, 23.0027
2004-07-29, 23.0027
2004-07-30, 23.0027
2004-07-31, 23.0027
2004-08-01, 23.0283
2004-08-02, 23.0283
2004-08-03, 23.0283
2004-08-04, 23.0283
2004-08-05, 23.0283
2004-08-06, 23.0283
2004-08-07, 23.0283
2004-08-08, 23.0283
2004-08-09, 23.0283
2004-08-10, 23.0283
2004-08-11, 23.0283
2004-08-12, 23.0283
2004-08-13, 23.0283
2004-08-14, 23.0283
2004-08-15, 23.0283
2004-08-16, 23.0283
2004-08-17, 23.0283
2004-08-18, 23.0283
2004-08-19, 23.0283
2004-08-20, 23.0283
2004-08-21, 23.0283
2004-08-22, 23.0283
2004-08-23, 23.0283
2004-08-24, 23.0283
2004-08-25, 23.0283
2004-08-26, 23.0283
2004-08-27, 23.0283
2004-08-28, 23.0283
2004-08-29, 23.0283
2004-08-30, 23.0283
2004-08-31, 23.0283
2004-09-01, 22.425
2004-09-02, 22.425
2004-09-03, 22.425
2004-09-04, 22.425
2004-09-05, 22.425
2004-09-06, 22.425
2004-09-07, 22.425
2004-09-08, 22.425
2004-09-09, 22.425
2004-09-10, 22.425
2004-09-11, 22.425
2004-09-12, 22.425
2004-09-13, 22.425
2004-09-14, 22.425
2004-09-15, 22.425
2004-09-16, 22.425
2004-09-17, 22.425
2004-09-18, 22.425
2004-09-19, 22.425
2004-09-20, 22.425
2004-09-21, 22.425
2004-09-22, 22.425
2004-09-23, 22.425
2004-09-24, 22.425
2004-09-25, 22.425
2004-09-26, 22.425
2004-09-27, 22.425
2004-09-28, 22.425
2004-09-29, 22.425
2004-09-30, 22.425
2004-10-01, 22.5683
2004-10-02, 22.5683
2004-10-03, 22.5683
2004-10-04, 22.5683
2004-10-05, 22.5683
2004-10-06, 22.5683
2004-10-07, 22.5683
2004-10-08, 22.5683
2004-10-09, 22.5683
2004-10-10, 22.5683
2004-10-11, 22.5683
2004-10-12, 22.5683
2004-10-13, 22.5683
2004-10-14, 22.5683
2004-10-15, 22.5683
2004-10-16, 22.5683
2004-10-17, 22.5683
2004-10-18, 22.5683
2004-10-19, 22.5683
2004-10-20, 22.5683
2004-10-21, 22.5683
2004-10-22, 22.5683
2004-10-23, 22.5683
2004-10-24, 22.5683
2004-10-25, 22.5683
2004-10-26, 22.5683
2004-10-27, 22.5683
2004-10-28, 22.5683
2004-10-29, 22.5683
2004-10-30, 22.5683
2004-10-31, 22.5683
2004-11-01, 19.1739
2004-11-02, 19.1739
2004-11-03, 19.1739
2004-11-04, 19.1739
2004-11-05, 19.1739
2004-11-06, 19.1739
2004-11-07, 19.1739
2004-11-08, 19.1739
2004-11-09, 19.1739
2004-11-10, 19.1739
2004-11-11, 19.1739
2004-11-12, 19.1739
2004-11-13, 19.1739
2004-11-14, 19.1739
2004-11-15, 19.1739
2004-11-16, 19.1739
2004-11-17, 19.1739
2004-11-18, 19.1739
2004-11-19, 19.1739
2004-11-20, 19.1739
2004-11-21, 19.1739
2004-11-22, 19.1739
2004-11-23, 19.1739
2004-11-24, 19.1739
2004-11-25, 19.1739
2004-11-26, 19.1739
2004-11-27, 19.1739
2004-11-28, 19.1739
2004-11-29, 19.1739
2004-11-30, 19.1739
2004-12-01, 16.3457
2004-12-02, 16.3457
2004-12-03, 16.3457
2004-12-04, 16.3457
2004-12-05, 16.3457
2004-12-06, 16.3457
2004-12-07, 16.3457
2004-12-08, 16.3457
2004-12-09, 16.3457
2004-12-10, 16.3457
2004-12-11, 16.3457
2004-12-12, 16.3457
2004-12-13, 16.3457
2004-12-14, 16.3457
2004-12-15, 16.3457
2004-12-16, 16.3457
2004-12-17, 16.3457
2004-12-18, 16.3457
2004-12-19, 16.3457
2004-12-20, 16.3457
2004-12-21, 16.3457
2004-12-22, 16.3457
2004-12-23, 16.3457
2004-12-24, 16.3457
2004-12-25, 16.3457
2004-12-26, 16.3457
2004-12-27, 16.3457
2004-12-28, 16.3457
2004-12-29, 16.3457
2004-12-30, 16.3457
2004-12-31, 16.3457
